URL,STATUS
https://www.toutiao.com/a6832140502653993485/,0
https://www.toutiao.com/group/6832485182642061828/,0
https://www.toutiao.com/a6832302015146623495/,0
https://www.toutiao.com/a6832257648155427339/,0
https://www.toutiao.com/a6832266708175028749/,0
https://www.toutiao.com/a6831427478632792588/,0
https://www.toutiao.com/a6818121570578334220/,0
https://www.toutiao.com/a6830001405818831371/,0
https://www.toutiao.com/a6821332944435544587/,0
https://www.toutiao.com/a6829466201756795407/,0
https://www.toutiao.com/a6822926890597089800/,0
https://www.toutiao.com/a6810670624776651277/,0
https://www.toutiao.com/a6822137667841425927/,0
https://www.toutiao.com/a6799932056257167883/,0
https://www.toutiao.com/a6793893677958693387/,0
